{
    "user_data": [
        "{\"email\": \"mohammedamaan79@gmail.com\", \"password\": \"$2b$12$jPzUR2xS.lKtSX1YFg8ecO9xcX9QHuUNXmCTYsrwDepKGrhSvW//q\"}",
        "{\"email\": \"amaanmohammed001@gmail.com\", \"password\": \"$2b$12$WttdG.nKxFx/Ol8VIa5IB.RB9oBnv79EeXoUTPpz.4hmhyvpSKc8q\"}",
        "{\"email\": \"amaanmohammed001@gmail.com\", \"password\": \"$2b$12$RLi1DfQrZYItW6mv68NEueD4MHJoap7.a3pdf.ToL53RfI38lCZDO\"}",
        "{\"email\": \"faizaanf51@gmail.com\", \"password\": \"$2b$12$3yyRePtSHv3ibKZL8Xox9OJjLGY9Gatwwgk7kv.f8r7aotUkkB0Eu\"}"
    ]
}